{
  "Health Check (GET /health)": {
    "1": {
      "rps": 338.83838409011344,
      "mean_ms": 2.9063988999041612,
      "p50_ms": 2.5788744997043977,
      "p95_ms": 4.793020850138415,
      "p99_ms": 6.000420171203587,
      "error_rate": 0.0
    },
    "5": {
      "rps": 552.3443787686181,
      "mean_ms": 8.379234300009557,
      "p50_ms": 7.229563500004588,
      "p95_ms": 16.764944898750397,
      "p99_ms": 22.760903629969086,
      "error_rate": 0.0
    },
    "20": {
      "rps": 452.94813090186744,
      "mean_ms": 41.10929126494739,
      "p50_ms": 33.284347500739386,
      "p95_ms": 94.80724570121309,
      "p99_ms": 146.50819645863507,
      "error_rate": 0.0
    }
  },
  "ABCDE Skin Lesion Screener (POST /api/v1/image/evaluate-abcde)": {
    "1": {
      "rps": 177.80549963488255,
      "mean_ms": 5.580992200157198,
      "p50_ms": 5.771730499873229,
      "p95_ms": 6.232325699784269,
      "p99_ms": 6.32138753990148,
      "error_rate": 0.0
    },
    "5": {
      "rps": 237.82168540049824,
      "mean_ms": 20.05094559983263,
      "p50_ms": 20.400051499564142,
      "p95_ms": 27.384108449496118,
      "p99_ms": 31.393236359763243,
      "error_rate": 0.0
    },
    "20": {
      "rps": 272.59982140692887,
      "mean_ms": 68.73754580507011,
      "p50_ms": 61.447060499631334,
      "p95_ms": 133.26925800110985,
      "p99_ms": 163.03428073997557,
      "error_rate": 0.0
    }
  },
  "Symptom Logging & Triage Pipeline (POST /api/v1/symptoms)": {
    "1": {
      "rps": 4.430795355718827,
      "mean_ms": 225.63104040000326,
      "p50_ms": 223.40993850048108,
      "p95_ms": 239.61796399926243,
      "p99_ms": 240.74444719903113,
      "error_rate": 0.0
    },
    "5": {
      "rps": 3.580667044331535,
      "mean_ms": 1388.0515888399532,
      "p50_ms": 1346.4221975000328,
      "p95_ms": 1713.9371054511682,
      "p99_ms": 1840.0768421189423,
      "error_rate": 0.0
    },
    "20": {
      "rps": 2.9494827973624202,
      "mean_ms": 6634.155186425033,
      "p50_ms": 6060.350534499776,
      "p95_ms": 10215.636094350246,
      "p99_ms": 11326.915376879128,
      "error_rate": 0.0
    }
  }
}