{
  "Health Check (GET /health)": {
    "1": {
      "rps": 419.32327178499,
      "mean_ms": 2.343790499980969,
      "p50_ms": 2.1686695008611423,
      "p95_ms": 3.288518550289154,
      "p99_ms": 3.445334910102247,
      "error_rate": 0.0,
      "stage_breakdown": {}
    },
    "5": {
      "rps": 564.1878745254107,
      "mean_ms": 8.293388400015829,
      "p50_ms": 6.9939604991304805,
      "p95_ms": 16.86160785066022,
      "p99_ms": 19.95299994921879,
      "error_rate": 0.0,
      "stage_breakdown": {}
    },
    "20": {
      "rps": 479.88200622990695,
      "mean_ms": 38.618993619929824,
      "p50_ms": 33.75115249946248,
      "p95_ms": 83.11955375029348,
      "p99_ms": 126.89284962007147,
      "error_rate": 0.0,
      "stage_breakdown": {}
    }
  },
  "ABCDE Skin Lesion Screener (POST /api/v1/image/evaluate-abcde)": {
    "1": {
      "rps": 138.10927355019203,
      "mean_ms": 7.192629199926159,
      "p50_ms": 6.081702500523534,
      "p95_ms": 12.884658799157467,
      "p99_ms": 16.737089358794037,
      "error_rate": 0.0,
      "stage_breakdown": {}
    },
    "5": {
      "rps": 250.70193784979375,
      "mean_ms": 19.027305220042763,
      "p50_ms": 19.349017499735055,
      "p95_ms": 27.035618800709926,
      "p99_ms": 30.996000699960845,
      "error_rate": 0.0,
      "stage_breakdown": {}
    },
    "20": {
      "rps": 239.42837672193724,
      "mean_ms": 78.27502064997134,
      "p50_ms": 69.25120750020142,
      "p95_ms": 168.93003639861482,
      "p99_ms": 209.72800174928122,
      "error_rate": 0.0,
      "stage_breakdown": {}
    }
  },
  "Symptom Logging & Triage Pipeline (POST /api/v1/symptoms)": {
    "1": {
      "rps": 1.1164644811380173,
      "mean_ms": 895.6103795000672,
      "p50_ms": 285.8923735002463,
      "p95_ms": 3633.0739070493955,
      "p99_ms": 5738.2050078090115,
      "error_rate": 0.0,
      "stage_breakdown": {
        "ml_inference_ms": {
          "mean_ms": 161.59160829993198,
          "p50_ms": 24.82097949996387,
          "p95_ms": 775.8950619993797,
          "p99_ms": 1259.24207799877,
          "sum": 1615.9160829993198
        },
        "db_reads_ms": {
          "mean_ms": 55.637488899810705,
          "p50_ms": 27.553770499253005,
          "p95_ms": 170.26077749969772,
          "p99_ms": 171.24155789917495,
          "sum": 556.374888998107
        },
        "anomaly_detection_ms": {
          "mean_ms": 198.34340149991476,
          "p50_ms": 193.12024600003497,
          "p95_ms": 223.634220450549,
          "p99_ms": 230.21859848995518,
          "sum": 1983.4340149991476
        },
        "db_writes_ms": {
          "mean_ms": 21.293489599884197,
          "p50_ms": 21.536225499403372,
          "p95_ms": 25.67929560018456,
          "p99_ms": 25.725610320205305,
          "sum": 212.93489599884197
        },
        "openfda_total_ms": {
          "mean_ms": 446.5057062001506,
          "p50_ms": 0.024719500288483687,
          "p95_ms": 2455.6784184498565,
          "p99_ms": 4063.0070300896846,
          "sum": 4465.057062001506
        },
        "openfda_network_ms": {
          "mean_ms": 446.42361469996104,
          "p50_ms": 0.0,
          "p95_ms": 2455.329880849781,
          "p99_ms": 4062.454893769646,
          "sum": 4464.23614699961
        },
        "openfda_cache_hits": {
          "mean_ms": 1.8,
          "p50_ms": 2.0,
          "p95_ms": 2.0,
          "p99_ms": 2.0,
          "sum": 18.0
        },
        "openfda_cache_misses": {
          "mean_ms": 0.2,
          "p50_ms": 0.0,
          "p95_ms": 1.0999999999999979,
          "p99_ms": 1.8200000000000003,
          "sum": 2.0
        }
      }
    },
    "5": {
      "rps": 2.595265714394376,
      "mean_ms": 1920.9303025800182,
      "p50_ms": 1987.040598499334,
      "p95_ms": 2285.453094099648,
      "p99_ms": 2448.098242289616,
      "error_rate": 0.0,
      "stage_breakdown": {
        "ml_inference_ms": {
          "mean_ms": 89.2917825398763,
          "p50_ms": 73.1490264988679,
          "p95_ms": 220.2274647496779,
          "p99_ms": 242.36623161050375,
          "sum": 4464.589126993815
        },
        "db_reads_ms": {
          "mean_ms": 101.38806749993819,
          "p50_ms": 75.00670199897286,
          "p95_ms": 254.5790288508215,
          "p99_ms": 300.58501425100974,
          "sum": 5069.403374996909
        },
        "anomaly_detection_ms": {
          "mean_ms": 1576.177753579832,
          "p50_ms": 1550.6041154994818,
          "p95_ms": 1966.582634399401,
          "p99_ms": 2072.6965486400695,
          "sum": 78808.8876789916
        },
        "db_writes_ms": {
          "mean_ms": 41.292858379820245,
          "p50_ms": 31.626029500330333,
          "p95_ms": 86.4096736491774,
          "p99_ms": 104.43788211026911,
          "sum": 2064.6429189910123
        },
        "openfda_total_ms": {
          "mean_ms": 0.0217723400783143,
          "p50_ms": 0.02019200019276468,
          "p95_ms": 0.031117949583858714,
          "p99_ms": 0.04187689932223291,
          "sum": 1.088617003915715
        },
        "openfda_network_ms": {
          "mean_ms": 0.0,
          "p50_ms": 0.0,
          "p95_ms": 0.0,
          "p99_ms": 0.0,
          "sum": 0.0
        },
        "openfda_cache_hits": {
          "mean_ms": 2.0,
          "p50_ms": 2.0,
          "p95_ms": 2.0,
          "p99_ms": 2.0,
          "sum": 100.0
        },
        "openfda_cache_misses": {
          "mean_ms": 0.0,
          "p50_ms": 0.0,
          "p95_ms": 0.0,
          "p99_ms": 0.0,
          "sum": 0.0
        }
      }
    },
    "20": {
      "rps": 2.3840605644004644,
      "mean_ms": 8219.08869725621,
      "p50_ms": 7674.717828000212,
      "p95_ms": 12018.278500400264,
      "p99_ms": 12956.396885620417,
      "error_rate": 0.005,
      "stage_breakdown": {
        "ml_inference_ms": {
          "mean_ms": 245.25698888941972,
          "p50_ms": 223.35756899883563,
          "p95_ms": 546.3015703015116,
          "p99_ms": 639.6947809200366,
          "sum": 48806.140788994526
        },
        "db_reads_ms": {
          "mean_ms": 241.83033886436706,
          "p50_ms": 197.00401599948236,
          "p95_ms": 567.0222995997391,
          "p99_ms": 738.0078851598238,
          "sum": 48124.23743400905
        },
        "anomaly_detection_ms": {
          "mean_ms": 5326.718443125681,
          "p50_ms": 5435.9168780010805,
          "p95_ms": 6255.911093101167,
          "p99_ms": 6633.926180220261,
          "sum": 1060016.9701820104
        },
        "db_writes_ms": {
          "mean_ms": 200.96262952258496,
          "p50_ms": 96.51652200045646,
          "p95_ms": 460.6170597000525,
          "p99_ms": 2305.2424635005505,
          "sum": 39991.563274994405
        },
        "openfda_total_ms": {
          "mean_ms": 0.020419562983691655,
          "p50_ms": 0.019131000954075716,
          "p95_ms": 0.028527000904432494,
          "p99_ms": 0.040511580154998304,
          "sum": 4.063493033754639
        },
        "openfda_network_ms": {
          "mean_ms": 0.0,
          "p50_ms": 0.0,
          "p95_ms": 0.0,
          "p99_ms": 0.0,
          "sum": 0.0
        },
        "openfda_cache_hits": {
          "mean_ms": 2.0,
          "p50_ms": 2.0,
          "p95_ms": 2.0,
          "p99_ms": 2.0,
          "sum": 398.0
        },
        "openfda_cache_misses": {
          "mean_ms": 0.0,
          "p50_ms": 0.0,
          "p95_ms": 0.0,
          "p99_ms": 0.0,
          "sum": 0.0
        }
      }
    }
  }
}