{
  "disease_classification": {
    "accuracy": 1.0,
    "precision": 1.0,
    "recall": 1.0,
    "f1_score": 1.0
  },
  "triage_level_classification": {
    "accuracy": 0.9988888888888889,
    "precision": 0.9989071038251367,
    "recall": 0.9988888888888889,
    "f1_score": 0.9988925527854046
  },
  "skin_lesion_classification": {
    "accuracy": 0.8133333333333334,
    "precision": 0.8099281834973672,
    "recall": 0.8133333333333334,
    "f1_score": 0.8073439023837065
  },
  "latency_ms": {
    "clinical_triage_inference": {
      "mean": 4.261762159785576,
      "p50": 4.037912499370577,
      "p95": 6.060526799410582,
      "p99": 8.797621248650106
    },
    "shap_explanation_generation": {
      "mean": 64.1152238333234,
      "p50": 13.654614000188303,
      "p95": 15.269789398644205,
      "p99": 1087.8896124992038
    },
    "skin_screener_inference": {
      "mean": 1.939331740122725,
      "p50": 1.7545729997436865,
      "p95": 3.2134160504028837,
      "p99": 3.6005210911389445
    }
  }
}