{
  "Health Check (GET /health)": {
    "1": {
      "rps": 391.9096215632282,
      "mean_ms": 2.519212000152038,
      "p50_ms": 2.5363224995089695,
      "p95_ms": 2.7854103501340433,
      "p99_ms": 2.8319068697055627,
      "error_rate": 0.0,
      "stage_breakdown": {}
    },
    "5": {
      "rps": 481.67016238496194,
      "mean_ms": 9.701838340042741,
      "p50_ms": 8.452619000308914,
      "p95_ms": 19.944002850206743,
      "p99_ms": 28.08712940979601,
      "error_rate": 0.0,
      "stage_breakdown": {}
    },
    "20": {
      "rps": 462.7417563369818,
      "mean_ms": 40.25178476496876,
      "p50_ms": 32.43054599988682,
      "p95_ms": 100.56861555131032,
      "p99_ms": 135.86615061900372,
      "error_rate": 0.0,
      "stage_breakdown": {}
    }
  },
  "ABCDE Skin Lesion Screener (POST /api/v1/image/evaluate-abcde)": {
    "1": {
      "rps": 147.46178671292273,
      "mean_ms": 6.723741099813196,
      "p50_ms": 5.734144000598462,
      "p95_ms": 11.04939429951627,
      "p99_ms": 13.853364459682782,
      "error_rate": 0.0,
      "stage_breakdown": {}
    },
    "5": {
      "rps": 242.8724678321085,
      "mean_ms": 19.57898966022185,
      "p50_ms": 19.403160999900138,
      "p95_ms": 28.56005650082807,
      "p99_ms": 30.145993741134586,
      "error_rate": 0.0,
      "stage_breakdown": {}
    },
    "20": {
      "rps": 251.41109062850163,
      "mean_ms": 74.50598925997838,
      "p50_ms": 62.77478499941935,
      "p95_ms": 158.77207740040828,
      "p99_ms": 226.87256116158076,
      "error_rate": 0.0,
      "stage_breakdown": {}
    }
  },
  "Symptom Logging & Triage Pipeline (POST /api/v1/symptoms)": {
    "1": {
      "rps": 0.9549955864104153,
      "mean_ms": 1047.039712300284,
      "p50_ms": 293.80641800071317,
      "p95_ms": 4494.746997199573,
      "p99_ms": 7229.01870343998,
      "error_rate": 0.0,
      "stage_breakdown": {
        "ml_inference_ms": {
          "mean_ms": 162.19005919992924,
          "p50_ms": 25.842774500233645,
          "p95_ms": 776.3124479495658,
          "p99_ms": 1259.9139943900448,
          "sum": 1621.9005919992924
        },
        "db_reads_ms": {
          "mean_ms": 35.09490390024439,
          "p50_ms": 22.048129500944924,
          "p95_ms": 101.85692900040507,
          "p99_ms": 151.59072740016202,
          "sum": 350.9490390024439
        },
        "anomaly_detection_ms": {
          "mean_ms": 202.4839276997227,
          "p50_ms": 195.4595139995945,
          "p95_ms": 231.6042006992575,
          "p99_ms": 233.73919293928338,
          "sum": 2024.839276997227
        },
        "db_writes_ms": {
          "mean_ms": 24.136701300085406,
          "p50_ms": 20.138693500484806,
          "p95_ms": 47.49621165010464,
          "p99_ms": 57.4385919303677,
          "sum": 241.36701300085406
        },
        "openfda_total_ms": {
          "mean_ms": 611.7977546004113,
          "p50_ms": 0.023529500140284654,
          "p95_ms": 3364.7888328504387,
          "p99_ms": 5567.163816170415,
          "sum": 6117.977546004113
        },
        "openfda_network_ms": {
          "mean_ms": 611.7138531000819,
          "p50_ms": 0.0,
          "p95_ms": 3364.426192050444,
          "p99_ms": 5566.596063210746,
          "sum": 6117.138531000819
        },
        "openfda_cache_hits": {
          "mean_ms": 1.8,
          "p50_ms": 2.0,
          "p95_ms": 2.0,
          "p99_ms": 2.0,
          "sum": 18.0
        },
        "openfda_cache_misses": {
          "mean_ms": 0.2,
          "p50_ms": 0.0,
          "p95_ms": 1.0999999999999979,
          "p99_ms": 1.8200000000000003,
          "sum": 2.0
        }
      }
    },
    "5": {
      "rps": 1.9553757931276847,
      "mean_ms": 2548.778554560122,
      "p50_ms": 2613.45848450037,
      "p95_ms": 3153.1937803501933,
      "p99_ms": 3372.6710590595394,
      "error_rate": 0.0,
      "stage_breakdown": {
        "ml_inference_ms": {
          "mean_ms": 115.9796794399881,
          "p50_ms": 87.80647950061393,
          "p95_ms": 278.63680779983036,
          "p99_ms": 476.8178257695216,
          "sum": 5798.983971999405
        },
        "db_reads_ms": {
          "mean_ms": 114.1561753201313,
          "p50_ms": 73.71350850098679,
          "p95_ms": 346.83803324960536,
          "p99_ms": 361.9136824012275,
          "sum": 5707.808766006565
        },
        "anomaly_detection_ms": {
          "mean_ms": 2173.3642055001474,
          "p50_ms": 2251.692416500191,
          "p95_ms": 2807.2757175505103,
          "p99_ms": 3016.9587826303173,
          "sum": 108668.21027500737
        },
        "db_writes_ms": {
          "mean_ms": 44.75073991994577,
          "p50_ms": 41.37540099964099,
          "p95_ms": 79.39639114993042,
          "p99_ms": 98.88469438006716,
          "sum": 2237.5369959972886
        },
        "openfda_total_ms": {
          "mean_ms": 0.026945740210067015,
          "p50_ms": 0.024936000954767223,
          "p95_ms": 0.03886294971380265,
          "p99_ms": 0.0571567798760952,
          "sum": 1.3472870105033508
        },
        "openfda_network_ms": {
          "mean_ms": 0.0,
          "p50_ms": 0.0,
          "p95_ms": 0.0,
          "p99_ms": 0.0,
          "sum": 0.0
        },
        "openfda_cache_hits": {
          "mean_ms": 2.0,
          "p50_ms": 2.0,
          "p95_ms": 2.0,
          "p99_ms": 2.0,
          "sum": 100.0
        },
        "openfda_cache_misses": {
          "mean_ms": 0.0,
          "p50_ms": 0.0,
          "p95_ms": 0.0,
          "p99_ms": 0.0,
          "sum": 0.0
        }
      }
    },
    "20": {
      "rps": 2.171608263168885,
      "mean_ms": 8785.034065112253,
      "p50_ms": 7792.512113998782,
      "p95_ms": 13533.367936750437,
      "p99_ms": 14576.868601300794,
      "error_rate": 0.02,
      "stage_breakdown": {
        "ml_inference_ms": {
          "mean_ms": 333.7961247295555,
          "p50_ms": 252.24468649957998,
          "p95_ms": 760.4587697501302,
          "p99_ms": 1041.0534463515435,
          "sum": 65424.040446992876
        },
        "db_reads_ms": {
          "mean_ms": 263.76308080599694,
          "p50_ms": 227.67217899945535,
          "p95_ms": 570.4608539990659,
          "p99_ms": 723.0809824992325,
          "sum": 51697.563837975395
        },
        "anomaly_detection_ms": {
          "mean_ms": 5645.838205255132,
          "p50_ms": 5795.55278800035,
          "p95_ms": 6899.481135750193,
          "p99_ms": 7383.104440549324,
          "sum": 1106584.288230006
        },
        "db_writes_ms": {
          "mean_ms": 157.12305146431686,
          "p50_ms": 101.51663350006856,
          "p95_ms": 446.0643639990849,
          "p99_ms": 1031.8082713502924,
          "sum": 30796.118087006107
        },
        "openfda_total_ms": {
          "mean_ms": 0.023422377376400804,
          "p50_ms": 0.02176149882870959,
          "p95_ms": 0.03271550031058723,
          "p99_ms": 0.04126284920857879,
          "sum": 4.5907859657745576
        },
        "openfda_network_ms": {
          "mean_ms": 0.0,
          "p50_ms": 0.0,
          "p95_ms": 0.0,
          "p99_ms": 0.0,
          "sum": 0.0
        },
        "openfda_cache_hits": {
          "mean_ms": 2.0,
          "p50_ms": 2.0,
          "p95_ms": 2.0,
          "p99_ms": 2.0,
          "sum": 392.0
        },
        "openfda_cache_misses": {
          "mean_ms": 0.0,
          "p50_ms": 0.0,
          "p95_ms": 0.0,
          "p99_ms": 0.0,
          "sum": 0.0
        }
      }
    }
  }
}