{
  "disease_classification": {
    "accuracy": 1.0,
    "precision": 1.0,
    "recall": 1.0,
    "f1_score": 1.0
  },
  "triage_level_classification": {
    "accuracy": 0.9988888888888889,
    "precision": 0.9989071038251367,
    "recall": 0.9988888888888889,
    "f1_score": 0.9988925527854046
  },
  "skin_lesion_classification": {
    "accuracy": 0.8133333333333334,
    "precision": 0.8099281834973672,
    "recall": 0.8133333333333334,
    "f1_score": 0.8073439023837065
  },
  "latency_ms": {
    "clinical_triage_inference": {
      "mean": 3.2934758799819974,
      "p50": 3.240605999053514,
      "p95": 3.708531049232988,
      "p99": 4.201224339904012
    },
    "shap_explanation_generation": {
      "mean": 60.762123433050874,
      "p50": 13.160715999219974,
      "p95": 17.979343750357653,
      "p99": 1020.7653973498793
    },
    "skin_screener_inference": {
      "mean": 1.851635639941378,
      "p50": 1.750104500388261,
      "p95": 2.571477349556517,
      "p99": 2.8380735596147133
    }
  }
}